fecha,MAE,RMSE,MAPE
2020-01-01,0.23055873762413115,0.33308843450193554,98.9903204260884
